#,Setence,Intent
1,I want to post the assessment brief.,Post assessment brief
2,I need to upload the assignment details.,Post assessment brief
3,Show me how to post the assignment brief.,Post assessment brief
4,I want to create an assignment brief for students.,Post assessment brief
5,Where can I upload the assessment information?,Post assessment brief
6,Please guide me to post the assignment requirements.,Post assessment brief
7,How can I publish the assignment guidelines?,Post assessment brief
8,Could you tell me how to upload the assessment brief?,Post assessment brief
9, I need to post the assignment summary.,Post assessment brief
10,How can I publish the assessment overview?,Post assessment brief
11,I want to create an assessment submission link.,Create assessment submission link
12,I need to make a link for the assignment submission.,Create assessment submission link
13,Please help me set up an assessment submission link.,Create assessment submission link
14,How do I create the submission link for the assessment in my course?,Create assessment submission link
15,Where can I set up the assignment submission link?,Create assessment submission link
16,How can I add the link where students submit their work?,Create assessment submission link
17,Help me add a submission link for the coursework.,Create assessment submission link
18,I want to post the project brief.,Post assessment brief
19,I need to upload the project details.,Post assessment brief
20,Show me how to post the project brief.,Post assessment brief
21,I want to create a project brief for students.,Post assessment brief
22,Where can I upload the project information?,Post assessment brief
23,Please guide me to post the project requirements.,Post assessment brief
24,How can I publish the project guidelines?,Post assessment brief
25,Could you tell me how to upload the project brief?,Post assessment brief
26,I need to post the project summary.,Post assessment brief
27,How can I publish the project overview?,Post assessment brief
28,I want to post the report brief.,Post assessment brief
29,I need to upload the report details.,Post assessment brief
30,Show me how to post the report brief.,Post assessment brief
31,I want to create a report brief for students.,Post assessment brief
32,Where can I upload the report information?,Post assessment brief
33,Please guide me to post the report requirements.,Post assessment brief
34,How can I publish the report guidelines?,Post assessment brief
35,Could you tell me how to upload the report brief?,Post assessment brief
36,I need to post the report summary.,Post assessment brief
37,How can I publish the report overview?,Post assessment brief
38,I want to post the homework brief.,Post assessment brief
39,I need to upload the homework details.,Post assessment brief
40,Show me how to post the homework brief.,Post assessment brief
41,I want to create a homework brief for students.,Post assessment brief
42,Where can I upload the homework information?,Post assessment brief
43,Please guide me to post the homework requirements.,Post assessment brief
44,How can I publish the homework guidelines?,Post assessment brief
45,Could you tell me how to upload the homework brief?,Post assessment brief
46,I need to post the homework summary.,Post assessment brief
47,How can I publish the homework overview?,Post assessment brief
